ProjectName,Scenario,Watershed,Total contributing area to outlet (ha),Precipitation (m^3/yr),Precipitation per area (mm/yr),Stream discharge (m^3/yr),Stream discharge per area (mm/yr),Total hillslope soil loss (tonne/yr),Total hillslope soil loss per area (kg/ha/yr),Total channel soil loss (tonne/yr),Total channel soil loss per area (kg/ha/yr),Sediment discharge (tonne/yr),Sediment discharge per area (kg/ha/yr),Sediment delivery ratio for watershed,Particle Fraction Under 0.016 mm,Sediment Yield of Particles Under 0.016 mm (tonne/yr),Sediment Yield of Particles Under 0.016 mm per area (kg/ha/yr)
kam_mt,Mulch_Till,Kamiache_Creek,3922.54,17386146.0,443.2369332116435,1250404.0,31.87740596654209,37.7,9.611119325743013,11.7,2.9827611700581764,41.0,10.452410937810704,0.829,0.5177,21.225700000000003,5.411213142504603
T_mt,Mulch_Till,Thorn_Creek,10222.36,47290668.0,462.6198646887803,4123737.0,40.34036171686382,172.6,16.884555034258234,54.8,5.360797310992765,51.8,5.067323005646445,0.228,0.3785,19.606299999999997,1.9179817576371792
kam_nt,No_Till,Kamiache_Creek,3922.54,17386146.0,443.2369332116435,807586.0,20.58834326737267,27.9,7.112738174754114,4.6,1.1727095198519326,28.4,7.240206600824976,0.875,0.5633,15.99772,4.078408378244709
T_nt,No_Till,Thorn_Creek,10222.36,47290668.0,462.6198646887803,3313089.0,32.41021642751772,141.7,13.861769689191146,27.4,2.6803986554963823,32.9,3.218434881964634,0.194,0.39580000000000004,13.02182,1.2738565262816022
kam_ct,Conventional_Till,Kamiache_Creek,3922.54,17386146.0,443.2369332116435,1381569.0,35.221285187659014,44.9,11.44666466116343,13.3,3.390660133484936,46.8,11.931044680232706,0.804,0.5217,24.41556,6.224426009677402
T_ct,Conventional_Till,Thorn_Creek,10222.36,47290668.0,462.6198646887803,4587189.0,44.874070175575895,210.9,20.63124366584624,62.9,6.153177935427826,60.5,5.918398491150771,0.221,0.3909,23.64945,2.3135019701908366
